seriesID,year,period,value,footnotes,month,date
CUUR0000SA0L1E,2025,M09,330.804,,9,2025-09-01
CUUR0000SA0L1E,2025,M08,329.970,,8,2025-08-01
CUUR0000SA0L1E,2025,M07,328.980,,7,2025-07-01
CUUR0000SA0L1E,2025,M06,328.364,,6,2025-06-01
CUUR0000SA0L1E,2025,M05,327.509,,5,2025-05-01
CUUR0000SA0L1E,2025,M04,326.815,,4,2025-04-01
CUUR0000SA0L1E,2025,M03,325.933,,3,2025-03-01
CUUR0000SA0L1E,2025,M02,325.252,,2,2025-02-01
CUUR0000SA0L1E,2025,M01,323.842,,1,2025-01-01
CUUR0000SA0L1E,2024,M12,322.007,,12,2024-12-01
CUUR0000SA0L1E,2024,M11,321.947,,11,2024-11-01
CUUR0000SA0L1E,2024,M10,321.758,,10,2024-10-01
CUUR0000SA0L1E,2024,M09,321.109,,9,2024-09-01
CUUR0000SA0L1E,2024,M08,320.017,,8,2024-08-01
CUUR0000SA0L1E,2024,M07,319.214,,7,2024-07-01
CUUR0000SA0L1E,2024,M06,319.003,,6,2024-06-01
CUUR0000SA0L1E,2024,M05,318.629,,5,2024-05-01
CUUR0000SA0L1E,2024,M04,317.978,,4,2024-04-01
CUUR0000SA0L1E,2024,M03,317.088,,3,2024-03-01
CUUR0000SA0L1E,2024,M02,315.419,,2,2024-02-01
CUUR0000SA0L1E,2024,M01,313.623,,1,2024-01-01
CUUR0000SA0L1E,2023,M12,311.907,,12,2023-12-01
CUUR0000SA0L1E,2023,M11,311.606,,11,2023-11-01
CUUR0000SA0L1E,2023,M10,311.380,,10,2023-10-01
CUUR0000SA0L1E,2023,M09,310.817,,9,2023-09-01
CUUR0000SA0L1E,2023,M08,310.103,,8,2023-08-01
CUUR0000SA0L1E,2023,M07,309.402,,7,2023-07-01
CUUR0000SA0L1E,2023,M06,308.910,,6,2023-06-01
CUUR0000SA0L1E,2023,M05,308.096,,5,2023-05-01
CUUR0000SA0L1E,2023,M04,306.899,,4,2023-04-01
CUUR0000SA0L1E,2023,M03,305.476,,3,2023-03-01
CUUR0000SA0L1E,2023,M02,304.011,,2,2023-02-01
CUUR0000SA0L1E,2023,M01,301.962,,1,2023-01-01
CUUR0000SA0L1E,2022,M12,300.113,,12,2022-12-01
CUUR0000SA0L1E,2022,M11,299.600,,11,2022-11-01
CUUR0000SA0L1E,2022,M10,299.315,,10,2022-10-01
CUUR0000SA0L1E,2022,M09,298.442,,9,2022-09-01
CUUR0000SA0L1E,2022,M08,297.178,,8,2022-08-01
CUUR0000SA0L1E,2022,M07,295.646,,7,2022-07-01
CUUR0000SA0L1E,2022,M06,294.680,,6,2022-06-01
CUUR0000SA0L1E,2022,M05,292.506,,5,2022-05-01
CUUR0000SA0L1E,2022,M04,290.846,,4,2022-04-01
CUUR0000SA0L1E,2022,M03,289.305,,3,2022-03-01
CUUR0000SA0L1E,2022,M02,288.059,,2,2022-02-01
CUUR0000SA0L1E,2022,M01,285.996,,1,2022-01-01
CUUR0000SA0L1E,2021,M12,283.908,,12,2021-12-01
CUUR0000SA0L1E,2021,M11,282.754,,11,2021-11-01
CUUR0000SA0L1E,2021,M10,281.617,,10,2021-10-01
CUUR0000SA0L1E,2021,M09,279.884,,9,2021-09-01
CUUR0000SA0L1E,2021,M08,279.507,,8,2021-08-01
CUUR0000SA0L1E,2021,M07,279.146,,7,2021-07-01
CUUR0000SA0L1E,2021,M06,278.218,,6,2021-06-01
CUUR0000SA0L1E,2021,M05,275.893,,5,2021-05-01
CUUR0000SA0L1E,2021,M04,273.968,,4,2021-04-01
CUUR0000SA0L1E,2021,M03,271.713,,3,2021-03-01
CUUR0000SA0L1E,2021,M02,270.696,,2,2021-02-01
CUUR0000SA0L1E,2021,M01,269.755,,1,2021-01-01
CUUR0000SA0L1E,2020,M12,269.226,,12,2020-12-01
CUUR0000SA0L1E,2020,M11,269.473,,11,2020-11-01
CUUR0000SA0L1E,2020,M10,269.328,,10,2020-10-01
CUUR0000SA0L1E,2020,M09,269.054,,9,2020-09-01
CUUR0000SA0L1E,2020,M08,268.756,,8,2020-08-01
CUUR0000SA0L1E,2020,M07,267.703,,7,2020-07-01
CUUR0000SA0L1E,2020,M06,266.302,,6,2020-06-01
CUUR0000SA0L1E,2020,M05,265.799,,5,2020-05-01
CUUR0000SA0L1E,2020,M04,266.089,,4,2020-04-01
CUUR0000SA0L1E,2020,M03,267.312,,3,2020-03-01
CUUR0000SA0L1E,2020,M02,267.268,,2,2020-02-01
CUUR0000SA0L1E,2020,M01,266.004,,1,2020-01-01
CEU0000000001,2025,M09,159732,preliminary,9,2025-09-01
CEU0000000001,2025,M08,159415,preliminary,8,2025-08-01
CEU0000000001,2025,M07,159219,,7,2025-07-01
CEU0000000001,2025,M06,160256,,6,2025-06-01
CEU0000000001,2025,M05,159930,,5,2025-05-01
CEU0000000001,2025,M04,159227,,4,2025-04-01
CEU0000000001,2025,M03,158402,,3,2025-03-01
CEU0000000001,2025,M02,157944,,2,2025-02-01
CEU0000000001,2025,M01,157095,,1,2025-01-01
CEU0000000001,2024,M12,159923,,12,2024-12-01
CEU0000000001,2024,M11,159882,,11,2024-11-01
CEU0000000001,2024,M10,159352,,10,2024-10-01
CEU0000000001,2024,M09,158527,,9,2024-09-01
CEU0000000001,2024,M08,158070,,8,2024-08-01
CEU0000000001,2024,M07,157771,,7,2024-07-01
CEU0000000001,2024,M06,158722,,6,2024-06-01
CEU0000000001,2024,M05,158256,,5,2024-05-01
CEU0000000001,2024,M04,157438,,4,2024-04-01
CEU0000000001,2024,M03,156612,,3,2024-03-01
CEU0000000001,2024,M02,156007,,2,2024-02-01
CEU0000000001,2024,M01,154942,,1,2024-01-01
CEU0000000001,2023,M12,157828,,12,2023-12-01
CEU0000000001,2023,M11,157950,,11,2023-11-01
CEU0000000001,2023,M10,157531,,10,2023-10-01
CEU0000000001,2023,M09,156563,,9,2023-09-01
CEU0000000001,2023,M08,156107,,8,2023-08-01
CEU0000000001,2023,M07,155779,,7,2023-07-01
CEU0000000001,2023,M06,156701,,6,2023-06-01
CEU0000000001,2023,M05,156038,,5,2023-05-01
CEU0000000001,2023,M04,155155,,4,2023-04-01
CEU0000000001,2023,M03,154253,,3,2023-03-01
CEU0000000001,2023,M02,153818,,2,2023-02-01
CEU0000000001,2023,M01,152689,,1,2023-01-01
CEU0000000001,2022,M12,155210,,12,2022-12-01
CEU0000000001,2022,M11,155519,,11,2022-11-01
CEU0000000001,2022,M10,154936,,10,2022-10-01
CEU0000000001,2022,M09,153730,,9,2022-09-01
CEU0000000001,2022,M08,153209,,8,2022-08-01
CEU0000000001,2022,M07,152813,,7,2022-07-01
CEU0000000001,2022,M06,153176,,6,2022-06-01
CEU0000000001,2022,M05,152264,,5,2022-05-01
CEU0000000001,2022,M04,151434,,4,2022-04-01
CEU0000000001,2022,M03,150413,,3,2022-03-01
CEU0000000001,2022,M02,149606,,2,2022-02-01
CEU0000000001,2022,M01,147932,,1,2022-01-01
CEU0000000001,2021,M12,150740,,12,2021-12-01
CEU0000000001,2021,M11,150543,,11,2021-11-01
CEU0000000001,2021,M10,149606,,10,2021-10-01
CEU0000000001,2021,M09,147918,,9,2021-09-01
CEU0000000001,2021,M08,147159,,8,2021-08-01
CEU0000000001,2021,M07,146619,,7,2021-07-01
CEU0000000001,2021,M06,146627,,6,2021-06-01
CEU0000000001,2021,M05,145391,,5,2021-05-01
CEU0000000001,2021,M04,144403,,4,2021-04-01
CEU0000000001,2021,M03,143308,,3,2021-03-01
CEU0000000001,2021,M02,142129,,2,2021-02-01
CEU0000000001,2021,M01,140975,,1,2021-01-01
CEU0000000001,2020,M12,143604,,12,2020-12-01
CEU0000000001,2020,M11,144117,,11,2020-11-01
CEU0000000001,2020,M10,143565,,10,2020-10-01
CEU0000000001,2020,M09,141957,,9,2020-09-01
CEU0000000001,2020,M08,140728,,8,2020-08-01
CEU0000000001,2020,M07,139105,,7,2020-07-01
CEU0000000001,2020,M06,138507,,6,2020-06-01
CEU0000000001,2020,M05,133421,,5,2020-05-01
CEU0000000001,2020,M04,130252,,4,2020-04-01
CEU0000000001,2020,M03,149952,,3,2020-03-01
CEU0000000001,2020,M02,150966,,2,2020-02-01
CEU0000000001,2020,M01,150057,,1,2020-01-01
CEU0500000003,2025,M09,36.60,preliminary,9,2025-09-01
CEU0500000003,2025,M08,36.37,preliminary,8,2025-08-01
CEU0500000003,2025,M07,36.26,,7,2025-07-01
CEU0500000003,2025,M06,36.28,,6,2025-06-01
CEU0500000003,2025,M05,36.14,,5,2025-05-01
CEU0500000003,2025,M04,36.17,,4,2025-04-01
CEU0500000003,2025,M03,36.22,,3,2025-03-01
CEU0500000003,2025,M02,36.19,,2,2025-02-01
CEU0500000003,2025,M01,36.00,,1,2025-01-01
CEU0500000003,2024,M12,35.82,,12,2024-12-01
CEU0500000003,2024,M11,35.47,,11,2024-11-01
CEU0500000003,2024,M10,35.41,,10,2024-10-01
CEU0500000003,2024,M09,35.46,,9,2024-09-01
CEU0500000003,2024,M08,35.02,,8,2024-08-01
CEU0500000003,2024,M07,34.93,,7,2024-07-01
CEU0500000003,2024,M06,34.98,,6,2024-06-01
CEU0500000003,2024,M05,34.81,,5,2024-05-01
CEU0500000003,2024,M04,34.86,,4,2024-04-01
CEU0500000003,2024,M03,34.65,,3,2024-03-01
CEU0500000003,2024,M02,34.57,,2,2024-02-01
CEU0500000003,2024,M01,34.64,,1,2024-01-01
CEU0500000003,2023,M12,34.23,,12,2023-12-01
CEU0500000003,2023,M11,34.05,,11,2023-11-01
CEU0500000003,2023,M10,34.24,,10,2023-10-01
CEU0500000003,2023,M09,33.94,,9,2023-09-01
CEU0500000003,2023,M08,33.71,,8,2023-08-01
CEU0500000003,2023,M07,33.92,,7,2023-07-01
CEU0500000003,2023,M06,33.42,,6,2023-06-01
CEU0500000003,2023,M05,33.45,,5,2023-05-01
CEU0500000003,2023,M04,33.76,,4,2023-04-01
CEU0500000003,2023,M03,33.26,,3,2023-03-01
CEU0500000003,2023,M02,33.20,,2,2023-02-01
CEU0500000003,2023,M01,33.40,,1,2023-01-01
CEU0500000003,2022,M12,32.86,,12,2022-12-01
CEU0500000003,2022,M11,32.71,,11,2022-11-01
CEU0500000003,2022,M10,32.87,,10,2022-10-01
CEU0500000003,2022,M09,32.50,,9,2022-09-01
CEU0500000003,2022,M08,32.25,,8,2022-08-01
CEU0500000003,2022,M07,32.20,,7,2022-07-01
CEU0500000003,2022,M06,31.93,,6,2022-06-01
CEU0500000003,2022,M05,32.22,,5,2022-05-01
CEU0500000003,2022,M04,32.05,,4,2022-04-01
CEU0500000003,2022,M03,31.80,,3,2022-03-01
CEU0500000003,2022,M02,31.71,,2,2022-02-01
CEU0500000003,2022,M01,31.96,,1,2022-01-01
CEU0500000003,2021,M12,31.32,,12,2021-12-01
CEU0500000003,2021,M11,31.13,,11,2021-11-01
CEU0500000003,2021,M10,31.08,,10,2021-10-01
CEU0500000003,2021,M09,30.90,,9,2021-09-01
CEU0500000003,2021,M08,30.81,,8,2021-08-01
CEU0500000003,2021,M07,30.49,,7,2021-07-01
CEU0500000003,2021,M06,30.28,,6,2021-06-01
CEU0500000003,2021,M05,30.53,,5,2021-05-01
CEU0500000003,2021,M04,30.31,,4,2021-04-01
CEU0500000003,2021,M03,30.03,,3,2021-03-01
CEU0500000003,2021,M02,30.13,,2,2021-02-01
CEU0500000003,2021,M01,30.06,,1,2021-01-01
CEU0500000003,2020,M12,29.84,,12,2020-12-01
CEU0500000003,2020,M11,29.76,,11,2020-11-01
CEU0500000003,2020,M10,29.47,,10,2020-10-01
CEU0500000003,2020,M09,29.46,,9,2020-09-01
CEU0500000003,2020,M08,29.51,,8,2020-08-01
CEU0500000003,2020,M07,29.22,,7,2020-07-01
CEU0500000003,2020,M06,29.11,,6,2020-06-01
CEU0500000003,2020,M05,29.64,,5,2020-05-01
CEU0500000003,2020,M04,30.12,,4,2020-04-01
CEU0500000003,2020,M03,28.91,,3,2020-03-01
CEU0500000003,2020,M02,28.81,,2,2020-02-01
CEU0500000003,2020,M01,28.56,,1,2020-01-01
LNU04000000,2025,M09,4.3,,9,2025-09-01
LNU04000000,2025,M08,4.5,,8,2025-08-01
LNU04000000,2025,M07,4.6,,7,2025-07-01
LNU04000000,2025,M06,4.4,,6,2025-06-01
LNU04000000,2025,M05,4.0,,5,2025-05-01
LNU04000000,2025,M04,3.9,,4,2025-04-01
LNU04000000,2025,M03,4.2,,3,2025-03-01
LNU04000000,2025,M02,4.5,,2,2025-02-01
LNU04000000,2025,M01,4.4,,1,2025-01-01
LNU04000000,2024,M12,3.8,,12,2024-12-01
LNU04000000,2024,M11,4.0,,11,2024-11-01
LNU04000000,2024,M10,3.9,,10,2024-10-01
LNU04000000,2024,M09,3.9,,9,2024-09-01
LNU04000000,2024,M08,4.4,,8,2024-08-01
LNU04000000,2024,M07,4.5,,7,2024-07-01
LNU04000000,2024,M06,4.3,,6,2024-06-01
LNU04000000,2024,M05,3.7,,5,2024-05-01
LNU04000000,2024,M04,3.5,,4,2024-04-01
LNU04000000,2024,M03,3.9,,3,2024-03-01
LNU04000000,2024,M02,4.2,,2,2024-02-01
LNU04000000,2024,M01,4.1,,1,2024-01-01
LNU04000000,2023,M12,3.5,,12,2023-12-01
LNU04000000,2023,M11,3.5,,11,2023-11-01
LNU04000000,2023,M10,3.6,,10,2023-10-01
LNU04000000,2023,M09,3.6,,9,2023-09-01
LNU04000000,2023,M08,3.9,,8,2023-08-01
LNU04000000,2023,M07,3.8,,7,2023-07-01
LNU04000000,2023,M06,3.8,,6,2023-06-01
LNU04000000,2023,M05,3.4,,5,2023-05-01
LNU04000000,2023,M04,3.1,,4,2023-04-01
LNU04000000,2023,M03,3.6,,3,2023-03-01
LNU04000000,2023,M02,3.9,,2,2023-02-01
LNU04000000,2023,M01,3.9,,1,2023-01-01
LNU04000000,2022,M12,3.3,,12,2022-12-01
LNU04000000,2022,M11,3.4,,11,2022-11-01
LNU04000000,2022,M10,3.4,,10,2022-10-01
LNU04000000,2022,M09,3.3,,9,2022-09-01
LNU04000000,2022,M08,3.8,,8,2022-08-01
LNU04000000,2022,M07,3.8,,7,2022-07-01
LNU04000000,2022,M06,3.8,,6,2022-06-01
LNU04000000,2022,M05,3.4,,5,2022-05-01
LNU04000000,2022,M04,3.3,,4,2022-04-01
LNU04000000,2022,M03,3.8,,3,2022-03-01
LNU04000000,2022,M02,4.1,,2,2022-02-01
LNU04000000,2022,M01,4.4,,1,2022-01-01
LNU04000000,2021,M12,3.7,,12,2021-12-01
LNU04000000,2021,M11,3.9,,11,2021-11-01
LNU04000000,2021,M10,4.3,,10,2021-10-01
LNU04000000,2021,M09,4.6,,9,2021-09-01
LNU04000000,2021,M08,5.3,,8,2021-08-01
LNU04000000,2021,M07,5.7,,7,2021-07-01
LNU04000000,2021,M06,6.1,,6,2021-06-01
LNU04000000,2021,M05,5.5,,5,2021-05-01
LNU04000000,2021,M04,5.7,,4,2021-04-01
LNU04000000,2021,M03,6.2,,3,2021-03-01
LNU04000000,2021,M02,6.6,,2,2021-02-01
LNU04000000,2021,M01,6.8,,1,2021-01-01
LNU04000000,2020,M12,6.5,,12,2020-12-01
LNU04000000,2020,M11,6.4,,11,2020-11-01
LNU04000000,2020,M10,6.6,,10,2020-10-01
LNU04000000,2020,M09,7.7,,9,2020-09-01
LNU04000000,2020,M08,8.5,,8,2020-08-01
LNU04000000,2020,M07,10.5,,7,2020-07-01
LNU04000000,2020,M06,11.2,,6,2020-06-01
LNU04000000,2020,M05,13.0,,5,2020-05-01
LNU04000000,2020,M04,14.4,,4,2020-04-01
LNU04000000,2020,M03,4.5,,3,2020-03-01
LNU04000000,2020,M02,3.8,,2,2020-02-01
LNU04000000,2020,M01,4.0,,1,2020-01-01
